original_feedback_id,sub_point_number,total_sub_points,topic,sub_point_text,original_full_text,was_split,processing_method
4,1,3,CS102 Exam Structure and Difficulty,"CS102 exams are unpredictable, making it difficult to prepare effectively. The hard quiz questions require advanced problem-solving skills, comparable to someone who has completed over 100 LeetCode problems, and the course's difficulty does not gradually increase, which contributes to the overall challenge.",I would say I learn a lot and I learn kinda fast compared to before that I learn by my self but cs102 a bit unpredictable like I not sure what it gonna be on exam like If you just do diy you can’t do quiz hard questions for sure like there is noway the guy that can do it is guy that 100+ leetcode and can do hard leetcode questions but main point is it is hard not becuase it really hard but it because it not gradually increases harder and I would say I got better than other because I got good mentor like P.philix is good at teaching compare to other room but that also make it not stable but I not sure how to make it better I feel like Ai can already teach you all If you don’t know and a lot of tool but I feel like it can be better than this like cal1 and intergral 1 I feel like I listen then practice then I can actually do it but programming it just a but confuse especially it start with java .it kinda complicated to start (If you really don’t know anything ) compare to python but yeah I kinda get professors that java is get more salary than python.,TRUE,Gemini API
4,2,3,Impact of Mentorship on Learning Consistency,"Having a good mentor, like P.philix, significantly improved my learning compared to other students. However, this reliance on individual mentors creates instability and inconsistency in teaching quality across different learning environments or rooms.",I would say I learn a lot and I learn kinda fast compared to before that I learn by my self but cs102 a bit unpredictable like I not sure what it gonna be on exam like If you just do diy you can’t do quiz hard questions for sure like there is noway the guy that can do it is guy that 100+ leetcode and can do hard leetcode questions but main point is it is hard not becuase it really hard but it because it not gradually increases harder and I would say I got better than other because I got good mentor like P.philix is good at teaching compare to other room but that also make it not stable but I not sure how to make it better I feel like Ai can already teach you all If you don’t know and a lot of tool but I feel like it can be better than this like cal1 and intergral 1 I feel like I listen then practice then I can actually do it but programming it just a but confuse especially it start with java .it kinda complicated to start (If you really don’t know anything ) compare to python but yeah I kinda get professors that java is get more salary than python.,TRUE,Gemini API
4,3,3,Programming Learning Challenges (Java vs. Python) and AI's Potential,"Learning programming, especially starting with Java, is confusing and complicated for beginners compared to Python. While I understand professors' reasoning for teaching Java due to higher salaries, I believe AI could offer a better learning experience by teaching fundamental concepts and providing tools, similar to how I learn effectively in courses like Cal1 and Integral1 by listening and practicing.",I would say I learn a lot and I learn kinda fast compared to before that I learn by my self but cs102 a bit unpredictable like I not sure what it gonna be on exam like If you just do diy you can’t do quiz hard questions for sure like there is noway the guy that can do it is guy that 100+ leetcode and can do hard leetcode questions but main point is it is hard not becuase it really hard but it because it not gradually increases harder and I would say I got better than other because I got good mentor like P.philix is good at teaching compare to other room but that also make it not stable but I not sure how to make it better I feel like Ai can already teach you all If you don’t know and a lot of tool but I feel like it can be better than this like cal1 and intergral 1 I feel like I listen then practice then I can actually do it but programming it just a but confuse especially it start with java .it kinda complicated to start (If you really don’t know anything ) compare to python but yeah I kinda get professors that java is get more salary than python.,TRUE,Gemini API
11,1,3,AI-Driven Job Market & Curriculum Update Need,"The job landscape has changed and is changing rapidly due to AI growth and market saturation. I don't know how the CS curriculum needs to be changed, but something definitely needs to be done about the curriculum, even though I don't have the ultimate solution.","Surely the job landscape has changed and been changing rapidly as AI growth and market is saturated right now. I don't know how curriculum needs to be changed but definitely, we need to do something about it and it's the truth. Let's talk about fundamental courses first, definitely courses like CSC102, 122 are mandatory for CS student to dive into the field so, all these fundamental courses are important meaning no change needed. But when it comes to infrastructure sides, we don't know much about it. Something like Dockers and Kubernetes. These are just an example. But at the end of the day, we should learn on our own since we are CS students and part of the process. I don't have the ultimate solution for this, but something needs to be done.",TRUE,Gemini API
11,2,3,Essential Fundamental CS Courses,"Fundamental CS courses, specifically mentioning CSC102 and CSC122, are mandatory and important for CS students to dive into the field, meaning no change is needed for these fundamental courses.","Surely the job landscape has changed and been changing rapidly as AI growth and market is saturated right now. I don't know how curriculum needs to be changed but definitely, we need to do something about it and it's the truth. Let's talk about fundamental courses first, definitely courses like CSC102, 122 are mandatory for CS student to dive into the field so, all these fundamental courses are important meaning no change needed. But when it comes to infrastructure sides, we don't know much about it. Something like Dockers and Kubernetes. These are just an example. But at the end of the day, we should learn on our own since we are CS students and part of the process. I don't have the ultimate solution for this, but something needs to be done.",TRUE,Gemini API
11,3,3,Infrastructure Knowledge Gap & Student Self-Learning,"When it comes to infrastructure, CS students don't know much about tools like Docker and Kubernetes (these are just examples). However, CS students acknowledge that they should learn these technologies on their own as part of being CS students.","Surely the job landscape has changed and been changing rapidly as AI growth and market is saturated right now. I don't know how curriculum needs to be changed but definitely, we need to do something about it and it's the truth. Let's talk about fundamental courses first, definitely courses like CSC102, 122 are mandatory for CS student to dive into the field so, all these fundamental courses are important meaning no change needed. But when it comes to infrastructure sides, we don't know much about it. Something like Dockers and Kubernetes. These are just an example. But at the end of the day, we should learn on our own since we are CS students and part of the process. I don't have the ultimate solution for this, but something needs to be done.",TRUE,Gemini API
13,1,3,Outdated Course Content & Lack of Real-World Relevance,"As a 4th-year student from the old curriculum, I find that courses like CSC325, CSC340, and CSC319 are outdated and do not meet real-world work needs. The content, which currently focuses on GUI development and restructuring, is quite old. To make Java more practically useful, these courses should involve building a full Desktop Application or doing a Big Data project instead.","As a 4th-year student from the old curriculum, in my perspective I’m judging based on (quality / attending one class session) and only on the knowledge gained in class, not outside the classroom. My opinions are as follows:

1. Some courses do not meet the needs of real-world work because they are outdated, such as CSC325, CSC340, and CSC319. In my view, these courses should teach more than just GUI development and restructuring. I think the content is quite old. To make Java more practically useful, it should involve building a full Desktop Application or doing a Big Data project instead.

2. Courses that should be hands-on ended up being mostly theoretical. For example, CSC220 was very disappointing for me in terms of learning networking. I believe this subject has huge potential for further development, but it felt like there was a lot of talk and not much substance. We pay almost 50,000 baht to sit in an old CB building without doing any concrete lab work, unlike other faculties that pay less but have proper networking workshops. Meanwhile, we just sit there, looking at each other, after paying tens of thousands more but receiving lower quality than other departments.

CSC325 was also disappointing. I believe this course still has potential and could offer much more. There was no project at all. Most of the time was spent grinding through SeedLab, documenting it, and then taking the final exam. In the end, there was no real continuation or application. I see this course as almost useful — it was just missing a focus on quality, as it emphasized quantity of work instead.

3. There was a gap in coding practice. During Years 1–2, it was the most stressful period, but also the most beneficial for me. However, in Years 3–4, I felt like coding almost completely disappeared. It became very theory-heavy, with not much hands-on practice. I understand that this might be due to the reasons mentioned in points 1 and 2. I also feel that this may have already been improved in the new curriculum. Overall, though, I found the learning experience enjoyable during my time here.",TRUE,Gemini API
13,2,3,"Insufficient Hands-on Learning, Practical Labs, and Facilities","As a 4th-year student from the old curriculum, I experienced that courses intended to be hands-on were mostly theoretical, based on knowledge gained in class. For example, CSC220 was very disappointing for learning networking, with a lot of talk but no concrete lab work in an old CB building, despite high tuition fees compared to other faculties with better workshops. Similarly, CSC325 was disappointing due to a complete lack of projects and real application, focusing on quantity of work (like SeedLab documentation) over quality.","As a 4th-year student from the old curriculum, in my perspective I’m judging based on (quality / attending one class session) and only on the knowledge gained in class, not outside the classroom. My opinions are as follows:

1. Some courses do not meet the needs of real-world work because they are outdated, such as CSC325, CSC340, and CSC319. In my view, these courses should teach more than just GUI development and restructuring. I think the content is quite old. To make Java more practically useful, it should involve building a full Desktop Application or doing a Big Data project instead.

2. Courses that should be hands-on ended up being mostly theoretical. For example, CSC220 was very disappointing for me in terms of learning networking. I believe this subject has huge potential for further development, but it felt like there was a lot of talk and not much substance. We pay almost 50,000 baht to sit in an old CB building without doing any concrete lab work, unlike other faculties that pay less but have proper networking workshops. Meanwhile, we just sit there, looking at each other, after paying tens of thousands more but receiving lower quality than other departments.

CSC325 was also disappointing. I believe this course still has potential and could offer much more. There was no project at all. Most of the time was spent grinding through SeedLab, documenting it, and then taking the final exam. In the end, there was no real continuation or application. I see this course as almost useful — it was just missing a focus on quality, as it emphasized quantity of work instead.

3. There was a gap in coding practice. During Years 1–2, it was the most stressful period, but also the most beneficial for me. However, in Years 3–4, I felt like coding almost completely disappeared. It became very theory-heavy, with not much hands-on practice. I understand that this might be due to the reasons mentioned in points 1 and 2. I also feel that this may have already been improved in the new curriculum. Overall, though, I found the learning experience enjoyable during my time here.",TRUE,Gemini API
13,3,3,Decline in Practical Coding Experience in Later Years,"As a 4th-year student from the old curriculum, I experienced a significant gap in coding practice. While Years 1–2 were stressful but beneficial for hands-on coding, in Years 3–4, practical coding almost completely disappeared, becoming very theory-heavy. I understand this decline in hands-on practice may be due to the outdated content and lack of practical application in specific courses, and I hope this has been improved in the new curriculum. Despite this, I found the learning experience enjoyable overall.","As a 4th-year student from the old curriculum, in my perspective I’m judging based on (quality / attending one class session) and only on the knowledge gained in class, not outside the classroom. My opinions are as follows:

1. Some courses do not meet the needs of real-world work because they are outdated, such as CSC325, CSC340, and CSC319. In my view, these courses should teach more than just GUI development and restructuring. I think the content is quite old. To make Java more practically useful, it should involve building a full Desktop Application or doing a Big Data project instead.

2. Courses that should be hands-on ended up being mostly theoretical. For example, CSC220 was very disappointing for me in terms of learning networking. I believe this subject has huge potential for further development, but it felt like there was a lot of talk and not much substance. We pay almost 50,000 baht to sit in an old CB building without doing any concrete lab work, unlike other faculties that pay less but have proper networking workshops. Meanwhile, we just sit there, looking at each other, after paying tens of thousands more but receiving lower quality than other departments.

CSC325 was also disappointing. I believe this course still has potential and could offer much more. There was no project at all. Most of the time was spent grinding through SeedLab, documenting it, and then taking the final exam. In the end, there was no real continuation or application. I see this course as almost useful — it was just missing a focus on quality, as it emphasized quantity of work instead.

3. There was a gap in coding practice. During Years 1–2, it was the most stressful period, but also the most beneficial for me. However, in Years 3–4, I felt like coding almost completely disappeared. It became very theory-heavy, with not much hands-on practice. I understand that this might be due to the reasons mentioned in points 1 and 2. I also feel that this may have already been improved in the new curriculum. Overall, though, I found the learning experience enjoyable during my time here.",TRUE,Gemini API
14,1,4,Issues with Language and General Education Courses (LNG and GEN),"Language and General Education Courses (LNG and GEN) are perceived as not useful and a significant waste of time. For example, students with very high IELTS scores are still required to take basic language classes, which seems illogical. Furthermore, the grading standards for these courses are unclear and difficult to verify.","Language and General Education Courses (LNG and GEN): These courses are not useful and waste a lot of time. Students with very high IELTS scores still have to take basic language classes, which doesn't make sense. Additionally, the grading standards are unclear and difficult to verify.
Programming Courses: The instructors are skilled and knowledgeable, which is good. However, the courses focus too much on fundamentals and theory. The practical application is very limited. Students have to learn and adapt a lot on their own to be ready for internships.
Need for More Specialized Elective Courses: The curriculum should offer more specialized track options. For example, UX/UI in course 105 could be a full elective course, but currently it only covers basic concepts that cannot be applied in real work. We would like to see courses such as Game Development with Unity, Advanced Power BI for Data Science
Other industry-relevant specialized topics
Courses 100/101 (Coursera ), 301, and 302: These courses waste time and do not measure any real CS skills or abilities. I don't understand the purpose of having them except to take time away from more necessary work.",TRUE,Gemini API
14,2,4,Lack of Practical Application in Programming Courses,"While instructors in programming courses are skilled and knowledgeable, the courses themselves focus too heavily on fundamentals and theory, resulting in very limited practical application. This forces students to learn and adapt a lot on their own to be adequately prepared for internships.","Language and General Education Courses (LNG and GEN): These courses are not useful and waste a lot of time. Students with very high IELTS scores still have to take basic language classes, which doesn't make sense. Additionally, the grading standards are unclear and difficult to verify.
Programming Courses: The instructors are skilled and knowledgeable, which is good. However, the courses focus too much on fundamentals and theory. The practical application is very limited. Students have to learn and adapt a lot on their own to be ready for internships.
Need for More Specialized Elective Courses: The curriculum should offer more specialized track options. For example, UX/UI in course 105 could be a full elective course, but currently it only covers basic concepts that cannot be applied in real work. We would like to see courses such as Game Development with Unity, Advanced Power BI for Data Science
Other industry-relevant specialized topics
Courses 100/101 (Coursera ), 301, and 302: These courses waste time and do not measure any real CS skills or abilities. I don't understand the purpose of having them except to take time away from more necessary work.",TRUE,Gemini API
14,3,4,Need for More Specialized Elective Courses,"The CS curriculum should offer more specialized track options and elective courses. For instance, the UX/UI content currently covered in course 105 is too basic and cannot be applied in real work; it should be expanded into a full elective course. Students would like to see new specialized courses such as Game Development with Unity, Advanced Power BI for Data Science, and other industry-relevant specialized topics.","Language and General Education Courses (LNG and GEN): These courses are not useful and waste a lot of time. Students with very high IELTS scores still have to take basic language classes, which doesn't make sense. Additionally, the grading standards are unclear and difficult to verify.
Programming Courses: The instructors are skilled and knowledgeable, which is good. However, the courses focus too much on fundamentals and theory. The practical application is very limited. Students have to learn and adapt a lot on their own to be ready for internships.
Need for More Specialized Elective Courses: The curriculum should offer more specialized track options. For example, UX/UI in course 105 could be a full elective course, but currently it only covers basic concepts that cannot be applied in real work. We would like to see courses such as Game Development with Unity, Advanced Power BI for Data Science
Other industry-relevant specialized topics
Courses 100/101 (Coursera ), 301, and 302: These courses waste time and do not measure any real CS skills or abilities. I don't understand the purpose of having them except to take time away from more necessary work.",TRUE,Gemini API
14,4,4,"Ineffectiveness of Courses 100/101, 301, and 302","Courses 100/101 (Coursera), 301, and 302 are perceived as a waste of time because they do not measure any real computer science skills or abilities. Students do not understand the purpose of these courses, except that they take time away from more necessary academic work.","Language and General Education Courses (LNG and GEN): These courses are not useful and waste a lot of time. Students with very high IELTS scores still have to take basic language classes, which doesn't make sense. Additionally, the grading standards are unclear and difficult to verify.
Programming Courses: The instructors are skilled and knowledgeable, which is good. However, the courses focus too much on fundamentals and theory. The practical application is very limited. Students have to learn and adapt a lot on their own to be ready for internships.
Need for More Specialized Elective Courses: The curriculum should offer more specialized track options. For example, UX/UI in course 105 could be a full elective course, but currently it only covers basic concepts that cannot be applied in real work. We would like to see courses such as Game Development with Unity, Advanced Power BI for Data Science
Other industry-relevant specialized topics
Courses 100/101 (Coursera ), 301, and 302: These courses waste time and do not measure any real CS skills or abilities. I don't understand the purpose of having them except to take time away from more necessary work.",TRUE,Gemini API
15,1,3,CSC209 Data Structures Course Experience,"The CSC209 Data Structures course content and the instructor were excellent, with the instructor explaining concepts clearly using ample examples. Despite sessions occasionally running longer than scheduled and class times being flexible due to the instructor's responsibilities as the Department Dean, the course material remained highly practical and valuable.","Most of the courses were quite helpful. To name a few:
CSC209 Data Structures: While the sessions occasionally ran longer than scheduled, the content and the instructor were excellent. The instructor explained concepts clearly with ample examples. Although class times were sometimes flexible due to his responsibilities as the Department Dean, the material remained highly practical and valuable.
CSC105 Web Application Development: Some students felt this course only covered the basics, but I personally appreciated the approach. It encourages ""learning how to learn."" Instead of just following instructions, we were pushed to think for ourselves. This is essential for developing the skills needed to form original ideas and manage our own projects.
Overall, I think a score of 4 is appropriate, as the quality of the class is great but there is still room for improvement.",TRUE,Gemini API
15,2,3,CSC105 Web Application Development Pedagogical Approach,"While some students felt the CSC105 Web Application Development course only covered the basics, I personally appreciated its approach. The course encouraged 'learning how to learn' by pushing students to think for themselves rather than just following instructions. This approach is essential for developing the skills needed to form original ideas and manage personal projects.","Most of the courses were quite helpful. To name a few:
CSC209 Data Structures: While the sessions occasionally ran longer than scheduled, the content and the instructor were excellent. The instructor explained concepts clearly with ample examples. Although class times were sometimes flexible due to his responsibilities as the Department Dean, the material remained highly practical and valuable.
CSC105 Web Application Development: Some students felt this course only covered the basics, but I personally appreciated the approach. It encourages ""learning how to learn."" Instead of just following instructions, we were pushed to think for ourselves. This is essential for developing the skills needed to form original ideas and manage our own projects.
Overall, I think a score of 4 is appropriate, as the quality of the class is great but there is still room for improvement.",TRUE,Gemini API
15,3,3,Overall Course Quality Assessment,"Most of the courses were quite helpful. Overall, I believe a score of 4 is appropriate for the course quality, acknowledging that while the quality is great, there is still room for improvement.","Most of the courses were quite helpful. To name a few:
CSC209 Data Structures: While the sessions occasionally ran longer than scheduled, the content and the instructor were excellent. The instructor explained concepts clearly with ample examples. Although class times were sometimes flexible due to his responsibilities as the Department Dean, the material remained highly practical and valuable.
CSC105 Web Application Development: Some students felt this course only covered the basics, but I personally appreciated the approach. It encourages ""learning how to learn."" Instead of just following instructions, we were pushed to think for ourselves. This is essential for developing the skills needed to form original ideas and manage our own projects.
Overall, I think a score of 4 is appropriate, as the quality of the class is great but there is still room for improvement.",TRUE,Gemini API
16,1,2,Data Science Curriculum Practicality Concerns,"I feel like the current curriculum is too data science-oriented but not in a way that students can adapt the knowledge in real life. For example, the data science course is too theory-based.","I feel like the curriculum right now is too data sci oriented but not in a way that we can adapt it in real life.
For example, the data sci course is too theory based. Not to mention that the content is overlaping with data visualization, big data, data mining. Why don't just combine some together so we can have more knowledge on one particular field within one semester and adapt it in our work field?",TRUE,Gemini API
16,2,2,Overlapping Content and Course Consolidation Proposal,"The content in the data science course is overlapping with other courses like data visualization, big data, and data mining. I suggest combining some of these courses to allow students to gain more in-depth knowledge on one particular field within one semester and better adapt the learning in their work field.","I feel like the curriculum right now is too data sci oriented but not in a way that we can adapt it in real life.
For example, the data sci course is too theory based. Not to mention that the content is overlaping with data visualization, big data, data mining. Why don't just combine some together so we can have more knowledge on one particular field within one semester and adapt it in our work field?",TRUE,Gemini API
17,1,2,Course Adaptation and Project Focus,All courses should adapt and focus more on projects.,All courses should adapt and focus more on projects. Also internship duration of 2 months during the summer seems abit too little and also the timing is abit off. Like having the entire last semester of 4th year to be an internship seems like a better way.,TRUE,Gemini API
17,2,2,Internship Duration and Timing Improvement,"The current 2-month summer internship duration seems a bit too short, and its timing is a bit off. A better approach would be to dedicate the entire last semester of the 4th year to an internship.",All courses should adapt and focus more on projects. Also internship duration of 2 months during the summer seems abit too little and also the timing is abit off. Like having the entire last semester of 4th year to be an internship seems like a better way.,TRUE,Gemini API
18,1,4,English Course Relevance for International Students,"I got a really high English test score, so I really don’t understand why, as an international program student, I have to learn such basic English concepts at an elementary school grader level. The English courses are not useful and are a waste of my time and energy to attend.","I got really high English test score. I really don’t understand why, us as an international program students, have to learn such a basic English concept of an elementary school grader level? Not only it’s not useful it’s also waste of my time and energy to attend all those courses In Jarah course, I don’t understand why LINE is consistently used as the main communication channel for assignments, class materials, and important course details. LINE has limited message history accessibility and is not a professional or reliable platform for managing academic information.
Using LINE for quick reminders or minor announcements is acceptable. But relying on it for all course-related communication is excessive and problematic. The faculty already provides proper platforms such as Microsoft Teams and CSCMS, which are designed for structured communication, assignment posting, and long-term record keeping.
Because information is frequently shared only through LINE chats, important details are often missed or lost, leading to confusion among students. Assignments communicated verbally in class, through chat messages, or by asking students to take notes are subjective and lack clarity. As a result, many students are uncertain about task requirements, deadlines, and expectations.
Assignments and course materials should be consistently posted on Microsoft Teams or CSCMS in a clear, concrete, and centralized manner. This would significantly reduce misunderstandings and help students manage their work more effectively.",TRUE,Gemini API
18,2,4,Over-reliance on LINE for Academic Communication,"In the Jarah course, I don’t understand why LINE is consistently used as the main communication channel for assignments, class materials, and important course details. LINE has limited message history accessibility and is not a professional or reliable platform for managing academic information, especially when the faculty already provides proper platforms such as Microsoft Teams and CSCMS.","I got really high English test score. I really don’t understand why, us as an international program students, have to learn such a basic English concept of an elementary school grader level? Not only it’s not useful it’s also waste of my time and energy to attend all those courses In Jarah course, I don’t understand why LINE is consistently used as the main communication channel for assignments, class materials, and important course details. LINE has limited message history accessibility and is not a professional or reliable platform for managing academic information.
Using LINE for quick reminders or minor announcements is acceptable. But relying on it for all course-related communication is excessive and problematic. The faculty already provides proper platforms such as Microsoft Teams and CSCMS, which are designed for structured communication, assignment posting, and long-term record keeping.
Because information is frequently shared only through LINE chats, important details are often missed or lost, leading to confusion among students. Assignments communicated verbally in class, through chat messages, or by asking students to take notes are subjective and lack clarity. As a result, many students are uncertain about task requirements, deadlines, and expectations.
Assignments and course materials should be consistently posted on Microsoft Teams or CSCMS in a clear, concrete, and centralized manner. This would significantly reduce misunderstandings and help students manage their work more effectively.",TRUE,Gemini API
18,3,4,Negative Impact of Dispersed Communication,"Because information is frequently shared only through LINE chats, important details are often missed or lost, leading to confusion among students. Assignments communicated verbally in class, through chat messages, or by asking students to take notes are subjective and lack clarity, resulting in many students being uncertain about task requirements, deadlines, and expectations.","I got really high English test score. I really don’t understand why, us as an international program students, have to learn such a basic English concept of an elementary school grader level? Not only it’s not useful it’s also waste of my time and energy to attend all those courses In Jarah course, I don’t understand why LINE is consistently used as the main communication channel for assignments, class materials, and important course details. LINE has limited message history accessibility and is not a professional or reliable platform for managing academic information.
Using LINE for quick reminders or minor announcements is acceptable. But relying on it for all course-related communication is excessive and problematic. The faculty already provides proper platforms such as Microsoft Teams and CSCMS, which are designed for structured communication, assignment posting, and long-term record keeping.
Because information is frequently shared only through LINE chats, important details are often missed or lost, leading to confusion among students. Assignments communicated verbally in class, through chat messages, or by asking students to take notes are subjective and lack clarity. As a result, many students are uncertain about task requirements, deadlines, and expectations.
Assignments and course materials should be consistently posted on Microsoft Teams or CSCMS in a clear, concrete, and centralized manner. This would significantly reduce misunderstandings and help students manage their work more effectively.",TRUE,Gemini API
18,4,4,Recommendation for Centralized Academic Platforms,"Assignments and course materials should be consistently posted on Microsoft Teams or CSCMS in a clear, concrete, and centralized manner. This would significantly reduce misunderstandings and help students manage their work more effectively.","I got really high English test score. I really don’t understand why, us as an international program students, have to learn such a basic English concept of an elementary school grader level? Not only it’s not useful it’s also waste of my time and energy to attend all those courses In Jarah course, I don’t understand why LINE is consistently used as the main communication channel for assignments, class materials, and important course details. LINE has limited message history accessibility and is not a professional or reliable platform for managing academic information.
Using LINE for quick reminders or minor announcements is acceptable. But relying on it for all course-related communication is excessive and problematic. The faculty already provides proper platforms such as Microsoft Teams and CSCMS, which are designed for structured communication, assignment posting, and long-term record keeping.
Because information is frequently shared only through LINE chats, important details are often missed or lost, leading to confusion among students. Assignments communicated verbally in class, through chat messages, or by asking students to take notes are subjective and lack clarity. As a result, many students are uncertain about task requirements, deadlines, and expectations.
Assignments and course materials should be consistently posted on Microsoft Teams or CSCMS in a clear, concrete, and centralized manner. This would significantly reduce misunderstandings and help students manage their work more effectively.",TRUE,Gemini API
19,1,2,Curriculum Relevance and Outdated Courses,"The student finds the curriculum useful for fundamental knowledge, but as the tech field grows rapidly, some courses, such as modern Java, feel outdated. This outdatedness affects students when applying for internships.","For me the curriculum is useful as fundamental knowledge , but as tech field is rapidly grow it's also make me feel like some course are outdated. Such as modern java. This also affect us when applying for internship. Even we the curriculum state that we are Data science path, but even I try to apply for data sci I dont feel like I have enough practical experience.",TRUE,Gemini API
19,2,2,Data Science Path: Practical Experience Gap,"Even though the curriculum states students are on a Data Science path, when applying for data science roles, the student does not feel they have enough practical experience.","For me the curriculum is useful as fundamental knowledge , but as tech field is rapidly grow it's also make me feel like some course are outdated. Such as modern java. This also affect us when applying for internship. Even we the curriculum state that we are Data science path, but even I try to apply for data sci I dont feel like I have enough practical experience.",TRUE,Gemini API
31,1,2,LX Building Preference for Classes,Students would prefer to have classes in the LX building because it offers much better equipment and facilities compared to the CB building.,"We would like to have classes in the LX building, which has much better equipment and facilities compared to the CB building. Additionally, the co-working space in the faculty needs improvement in terms of air circulation and odor control. The equipment should also be updated to be more modern.",TRUE,Gemini API
31,2,2,Faculty Co-working Space Improvements,"The co-working space within the faculty requires improvements in terms of air circulation and odor control, and the equipment in the co-working space should also be updated to be more modern.","We would like to have classes in the LX building, which has much better equipment and facilities compared to the CB building. Additionally, the co-working space in the faculty needs improvement in terms of air circulation and odor control. The equipment should also be updated to be more modern.",TRUE,Gemini API
39,1,1,SIT Staff/Faculty Communication Difficulties,"Once again, when contacting staff and faculty members of SIT, I receive no responses on LINE and no further communication whatsoever on Teams. The lack of responses makes communication a very difficult issue, especially regarding course information or emergency situations that require rapid communication.","Once again when contacting any staff faculty members of SIT, I will receive no responses on LINE and no further response or communication whatsoever on Teams making communication a very difficult issue especially regarding course information or emergency situations that require rapid communication.",FALSE,Gemini API
44,1,3,P'Nick's Communication & System Improvement Suggestion,"Students understand that P'Nick has a heavy workload, but leaving students' messages on read is unacceptable, especially for urgent matters. This issue happens regularly and has caused problems for students many times. Students suggest creating a better communication system where they can submit requests and track their status more easily.","I understand that P'Nick has a heavy workload, but leaving students' messages on read is not acceptable, especially for urgent matters. This happens regularly and has caused problems for students many times. We suggest creating a better communication system where students can submit requests and track their status more easily.
P'Vichy told us that TETET was not required if we already submitted other English test scores. However, based on the SIT website, the policy has changed and TETET is now required for graduation. Many fourth-year students missed the exam because we believed our previous English scores were enough. P'DJ, as many students have shared the same concerns about his behavior
- Unequal treatment, Female students and Thai students receive better treatment and more attention, which makes other students uncomfortable. most importantly, the clear pattern of flirting with his students is completely unacceptable and must be stopped immediately.
- Students who are close to P'DJ get special treatment, such as being excused for late attendance or receiving other advantages.
- P'DJ's position is unclear. Sometimes acting like a senior student, sometimes like a professor. This creates tension during activities. The commanding and controlling behavior feels more like a dictator than a teacher. P'Jo has a similar position but never creates these problems or makes students feel uncomfortable. suggesting that P'DJ should receive training on professional conduct and learn to treat all students fairly and respectfully. The current situation affects the learning environment negatively.",TRUE,Gemini API
44,2,3,Conflicting Information on TETET English Requirement,"Students were initially informed by P'Vichy that the TETET exam was not required for graduation if they had already submitted other English test scores. However, the SIT website indicates that the TETET requirement policy has changed, and the TETET exam is now mandatory for graduation. This conflicting information led many fourth-year students to miss the exam, as they believed their previously submitted English scores were sufficient.","I understand that P'Nick has a heavy workload, but leaving students' messages on read is not acceptable, especially for urgent matters. This happens regularly and has caused problems for students many times. We suggest creating a better communication system where students can submit requests and track their status more easily.
P'Vichy told us that TETET was not required if we already submitted other English test scores. However, based on the SIT website, the policy has changed and TETET is now required for graduation. Many fourth-year students missed the exam because we believed our previous English scores were enough. P'DJ, as many students have shared the same concerns about his behavior
- Unequal treatment, Female students and Thai students receive better treatment and more attention, which makes other students uncomfortable. most importantly, the clear pattern of flirting with his students is completely unacceptable and must be stopped immediately.
- Students who are close to P'DJ get special treatment, such as being excused for late attendance or receiving other advantages.
- P'DJ's position is unclear. Sometimes acting like a senior student, sometimes like a professor. This creates tension during activities. The commanding and controlling behavior feels more like a dictator than a teacher. P'Jo has a similar position but never creates these problems or makes students feel uncomfortable. suggesting that P'DJ should receive training on professional conduct and learn to treat all students fairly and respectfully. The current situation affects the learning environment negatively.",TRUE,Gemini API
44,3,3,P'DJ's Unprofessional Conduct and Impact on Learning Environment,"Many students have shared concerns about P'DJ's behavior, which negatively affects the learning environment. This includes unequal treatment, where female and Thai students reportedly receive better treatment and more attention, making other students uncomfortable. There is also a clear pattern of P'DJ flirting with students, which is completely unacceptable and must be stopped. Additionally, students close to P'DJ receive special treatment, such as being excused for late attendance or gaining other advantages. P'DJ's professional position is unclear, as he sometimes acts like a senior student and other times like a professor, creating tension during activities. His commanding and controlling behavior feels more like a dictator than a teacher, unlike P'Jo who holds a similar position but does not create such problems. Students suggest that P'DJ should receive training on professional conduct to ensure he treats all students fairly and respectfully.","I understand that P'Nick has a heavy workload, but leaving students' messages on read is not acceptable, especially for urgent matters. This happens regularly and has caused problems for students many times. We suggest creating a better communication system where students can submit requests and track their status more easily.
P'Vichy told us that TETET was not required if we already submitted other English test scores. However, based on the SIT website, the policy has changed and TETET is now required for graduation. Many fourth-year students missed the exam because we believed our previous English scores were enough. P'DJ, as many students have shared the same concerns about his behavior
- Unequal treatment, Female students and Thai students receive better treatment and more attention, which makes other students uncomfortable. most importantly, the clear pattern of flirting with his students is completely unacceptable and must be stopped immediately.
- Students who are close to P'DJ get special treatment, such as being excused for late attendance or receiving other advantages.
- P'DJ's position is unclear. Sometimes acting like a senior student, sometimes like a professor. This creates tension during activities. The commanding and controlling behavior feels more like a dictator than a teacher. P'Jo has a similar position but never creates these problems or makes students feel uncomfortable. suggesting that P'DJ should receive training on professional conduct and learn to treat all students fairly and respectfully. The current situation affects the learning environment negatively.",TRUE,Gemini API
51,1,2,Positive Feedback on Current Activities,The activities offered are fun and pretty helpful.,"The activities are fun and pretty helpful, but like I said before maybe SIT can consider to open more for international student (like make more activities that international student/english friendly, open SAMOSIT for international student too) so that we have equal opportunity as Thai student",TRUE,Gemini API
51,2,2,Recommendations for International Student Inclusion and Equal Opportunity,SIT should consider increasing opportunities for international students to ensure equal access compared to Thai students. This could involve making more activities international student/English-friendly and opening SAMOSIT to international students as well.,"The activities are fun and pretty helpful, but like I said before maybe SIT can consider to open more for international student (like make more activities that international student/english friendly, open SAMOSIT for international student too) so that we have equal opportunity as Thai student",TRUE,Gemini API
57,1,2,Common Room Monitor Request,Please add monitors to Common Rooms.,"Please add monitors to Common Rooms, and add better WiFi connectivity to CB2 classroom as it either keeps disconnecting or wouldn’t appear in the WiFi list, especially SIT-Secure.",TRUE,Gemini API
57,2,2,CB2 Classroom WiFi Improvement,"Please add better WiFi connectivity to the CB2 classroom because the WiFi connection either keeps disconnecting or doesn't appear in the WiFi list, especially for SIT-Secure.","Please add monitors to Common Rooms, and add better WiFi connectivity to CB2 classroom as it either keeps disconnecting or wouldn’t appear in the WiFi list, especially SIT-Secure.",TRUE,Gemini API
60,1,3,CB Building Comfort & Rating Improvement,"I would rate the CB building's comfort level at 4/10 previously because the facilities were uncomfortable, but after recent changes, I think the comfort has slightly improved to a 7/10.","For CB building Imma give it 4/10 because before they change the facilities in CB building everything is anything but comfortable, but now I think its slightly better 7/10. As for LX I would give it 8.5/10 sometimes 9/10 just the AC problem sometimes.
Suggestion please change all the chair/desk/table if it's still those old horrible one which sometimes can't even hold tablet or laptop properly (You know the old table + chair one that can flip, some of those are even older than me). If possible add more electrical plug in CB building too. For LX, it would be great if the AC are more adjustable, you know, sometimes its too hot sometimes too cold.",TRUE,Gemini API
60,2,3,CB Building Furniture & Electrical Outlet Suggestions,"I suggest changing all the old, horrible chair/desk/table sets in the CB building, especially the ones that flip and are too old to properly hold a tablet or laptop. Additionally, it would be great if more electrical plugs could be added in the CB building.","For CB building Imma give it 4/10 because before they change the facilities in CB building everything is anything but comfortable, but now I think its slightly better 7/10. As for LX I would give it 8.5/10 sometimes 9/10 just the AC problem sometimes.
Suggestion please change all the chair/desk/table if it's still those old horrible one which sometimes can't even hold tablet or laptop properly (You know the old table + chair one that can flip, some of those are even older than me). If possible add more electrical plug in CB building too. For LX, it would be great if the AC are more adjustable, you know, sometimes its too hot sometimes too cold.",TRUE,Gemini API
60,3,3,LX Building Rating & AC Adjustability,"I would rate the LX building at 8.5/10, sometimes even 9/10, but there's an occasional AC problem. It would be great if the air conditioning in the LX building could be more adjustable, as it's sometimes too hot and other times too cold.","For CB building Imma give it 4/10 because before they change the facilities in CB building everything is anything but comfortable, but now I think its slightly better 7/10. As for LX I would give it 8.5/10 sometimes 9/10 just the AC problem sometimes.
Suggestion please change all the chair/desk/table if it's still those old horrible one which sometimes can't even hold tablet or laptop properly (You know the old table + chair one that can flip, some of those are even older than me). If possible add more electrical plug in CB building too. For LX, it would be great if the AC are more adjustable, you know, sometimes its too hot sometimes too cold.",TRUE,Gemini API
63,1,2,Internet Performance in CB Building,"The internet in the CB building is extremely slow, and I'm not sure if the signal is being blocked.","The internet in CB building is extremely slow. I'm not sure if the signal is being blocked. Requesting a VM takes a very long time, staff pass responsibilities to each other, and the process has too many steps with many limitations.",TRUE,Gemini API
63,2,2,Virtual Machine (VM) Request Process Issues,"Requesting a Virtual Machine (VM) takes a very long time, staff pass responsibilities to each other during the process, and the VM request process has too many steps with many limitations.","The internet in CB building is extremely slow. I'm not sure if the signal is being blocked. Requesting a VM takes a very long time, staff pass responsibilities to each other, and the process has too many steps with many limitations.",TRUE,Gemini API
74,1,3,Scholarship Restrictions and Decreasing Award Amounts,"Scholarships for Thai students have too many restrictions, and the Academic Award amount decreases every year. This situation is very disappointing, as many students rely on this financial support.","Scholarship Limitations:
Scholarships have too many restrictions for Thai students, and the Academic Award amount decreases every year. This is very disappointing, as many students rely on this financial support.
International Student Support:
Moving to a foreign country is already difficult. I hope the faculty can make us feel warm and safe by building a stronger community for international students.
Internship Support:
The faculty needs to provide much more support for internships. Jobs for international students are very rare and often pay less than positions for Thai students. I would like to see partnerships similar to those in the Engineering faculty to make finding internships easier.",TRUE,Gemini API
74,2,3,International Student Community and Support,Moving to a foreign country is already difficult for international students. The faculty should build a stronger community for international students to help them feel warm and safe.,"Scholarship Limitations:
Scholarships have too many restrictions for Thai students, and the Academic Award amount decreases every year. This is very disappointing, as many students rely on this financial support.
International Student Support:
Moving to a foreign country is already difficult. I hope the faculty can make us feel warm and safe by building a stronger community for international students.
Internship Support:
The faculty needs to provide much more support for internships. Jobs for international students are very rare and often pay less than positions for Thai students. I would like to see partnerships similar to those in the Engineering faculty to make finding internships easier.",TRUE,Gemini API
74,3,3,Internship Support and Challenges for International Students,"The faculty needs to provide much more support for internships, especially since jobs for international students are very rare and often pay less than positions for Thai students. Students would like to see partnerships, similar to those in the Engineering faculty, to make finding internships easier.","Scholarship Limitations:
Scholarships have too many restrictions for Thai students, and the Academic Award amount decreases every year. This is very disappointing, as many students rely on this financial support.
International Student Support:
Moving to a foreign country is already difficult. I hope the faculty can make us feel warm and safe by building a stronger community for international students.
Internship Support:
The faculty needs to provide much more support for internships. Jobs for international students are very rare and often pay less than positions for Thai students. I would like to see partnerships similar to those in the Engineering faculty to make finding internships easier.",TRUE,Gemini API
76,1,2,Preferred Learning Platform for LNG Class,"In the LNG class, AJ.Jarah is currently using Line as a learning platform. I would prefer to use Microsoft Teams instead, as Microsoft Teams is perceived as more professional.","LNG class, AJ.Jarah making Line as a learning platform, I want it to be on Microsoft team as it's more professional. Also when she give us assignment it's not very clear as she always use line and has no recording",TRUE,Gemini API
76,2,2,Assignment Clarity and Communication Issues,Assignments given by AJ.Jarah are not very clear. This lack of clarity is due to the instructor always using Line for assignment communication and not providing any recordings.,"LNG class, AJ.Jarah making Line as a learning platform, I want it to be on Microsoft team as it's more professional. Also when she give us assignment it's not very clear as she always use line and has no recording",TRUE,Gemini API
91,1,2,Activity Frequency Comparison,IA organizes activities much more frequently than SIT.,"IA organizes activities much more frequently than SIT. Additionally, P'Nui's English communication skills are limited, which often makes communication difficult.",TRUE,Gemini API
91,2,2,P'Nui's English Communication Skills,"P'Nui's English communication skills are limited, which often makes communication difficult.","IA organizes activities much more frequently than SIT. Additionally, P'Nui's English communication skills are limited, which often makes communication difficult.",TRUE,Gemini API
92,1,2,newacis Site Performance During Registration,The newacis site can handle the traffic during the registration period quite well.,The newacis site can handling the traffic of registration period quite well. The same as when i need an inquiry of official documents -- the process is fast and efficient.,TRUE,Gemini API
92,2,2,Efficiency of Official Document Inquiry Process,"When I need to inquire about official documents, the process is fast and efficient.",The newacis site can handling the traffic of registration period quite well. The same as when i need an inquiry of official documents -- the process is fast and efficient.,TRUE,Gemini API
93,1,2,Overall Service Quality,The service is provided well.,The service is provided well but it can be hard to communicate or know who exactly to contact for what. It also sometimes take quite long for some processes,TRUE,Gemini API
93,2,2,Communication Clarity and Process Efficiency,"It can be hard to communicate with the service provider or know who exactly to contact for specific inquiries, and some processes within the service delivery also sometimes take quite long.",The service is provided well but it can be hard to communicate or know who exactly to contact for what. It also sometimes take quite long for some processes,TRUE,Gemini API
94,1,1,Positive Impact of IA (KMUTT),"IA (KMUTT) are really helpful and full of activities, which makes me feel like home.",IA (KMUTT) are really helpful and full of activities. Because of them I can feel like home,FALSE,Gemini API
96,1,2,Satisfaction with Mandatory CS Program Activities,"As a student from the CS program, which is originally an English program, I find most of the mandatory activities to be fine and good.","Since I'm from CS which originally english program, most of the mandatory activity is fine, is good. But there's a lot activities that held in thai that we, as international student would love to participate but because of it's not english-friendly we can't do anything even though we try to be active at univ",TRUE,Gemini API
96,2,2,Barrier to International Student Participation in Thai-Language Activities,"However, there are many university activities held in Thai that international students would love to participate in, but because these activities are not English-friendly, international students cannot participate, even though they try to be active at the university.","Since I'm from CS which originally english program, most of the mandatory activity is fine, is good. But there's a lot activities that held in thai that we, as international student would love to participate but because of it's not english-friendly we can't do anything even though we try to be active at univ",TRUE,Gemini API
98,1,2,Internship Opportunity Accessibility for Non-Thai Students,"Regarding internship opportunities, the student notes that firm and company presentations occur periodically, but these opportunities are primarily targeted at Thai students.","Looking at the Internship opportunities, there are firm/company presentation from time to time. But they are mostly for Thai students. I love SIT Culture activities. But there are a lot of rooms for improvement.",TRUE,Gemini API
98,2,2,SIT Culture Activities: Appreciation and Improvement Areas,The student expresses appreciation for SIT Culture activities but also identifies many areas where these activities could be improved.,"Looking at the Internship opportunities, there are firm/company presentation from time to time. But they are mostly for Thai students. I love SIT Culture activities. But there are a lot of rooms for improvement.",TRUE,Gemini API
104,1,1,International Student Communication and Activity Accessibility,"SIT activities should be held in English or as part of an international student program. Additionally, international students find that important announcements are often only written or announced in Thai, which makes international students feel behind and excluded most of the time.","As i mention before, it would be better if there's SIT activities that held in english or international student program, also there's some announcement that we found it's pretty important that only written/announce in thai which make us feel behind and excluded most of the time.",FALSE,Gemini API
110,1,3,Information Dissemination Challenges for International Students,"Important academic and opportunity-related information, such as details about the Taiwan internship or related programs, does not always reach Burmese students and other international students in a timely or clear manner. This information gap creates inequality in access to opportunities and leaves students unsure about whom to contact for guidance or clarification, especially when students from other international majors have already been preparing for similar opportunities since the previous semester.","Important academic and opportunity-related information does not always reach Burmese students (or other international students) in a timely or clear manner. For example, information about the Taiwan internship or related programs was not well communicated, while students from other international majors had already been preparing since the previous semester. This information gap creates inequality in access to opportunities and leaves students unsure about whom to contact for guidance or clarification.
I hope the SIT International Relations office can be more proactive in sharing information about exchange programs and overseas internships. The Faculty of Engineering and Science has its own International Affairs office, which is very active in regularly posting and announcing overseas opportunities. In comparison, SIT IR has been relatively quiet, and some students are not even aware that the office exists.
If workload or capacity is an issue, perhaps the university could consider hiring additional staff or involving student assistants to help with outreach and communication.",TRUE,Gemini API
110,2,3,Call for Proactivity from SIT International Relations Office,"The SIT International Relations office needs to be more proactive in sharing information about exchange programs and overseas internships. In comparison to the very active Faculty of Engineering and Science's International Affairs office, which regularly posts and announces overseas opportunities, the SIT International Relations office has been relatively quiet, leading to some students not even being aware that the office exists.","Important academic and opportunity-related information does not always reach Burmese students (or other international students) in a timely or clear manner. For example, information about the Taiwan internship or related programs was not well communicated, while students from other international majors had already been preparing since the previous semester. This information gap creates inequality in access to opportunities and leaves students unsure about whom to contact for guidance or clarification.
I hope the SIT International Relations office can be more proactive in sharing information about exchange programs and overseas internships. The Faculty of Engineering and Science has its own International Affairs office, which is very active in regularly posting and announcing overseas opportunities. In comparison, SIT IR has been relatively quiet, and some students are not even aware that the office exists.
If workload or capacity is an issue, perhaps the university could consider hiring additional staff or involving student assistants to help with outreach and communication.",TRUE,Gemini API
110,3,3,Staffing Solutions for SIT International Relations Office,"If workload or capacity is an issue for the SIT International Relations office, the university should consider hiring additional staff or involving student assistants to help with outreach and communication regarding international opportunities.","Important academic and opportunity-related information does not always reach Burmese students (or other international students) in a timely or clear manner. For example, information about the Taiwan internship or related programs was not well communicated, while students from other international majors had already been preparing since the previous semester. This information gap creates inequality in access to opportunities and leaves students unsure about whom to contact for guidance or clarification.
I hope the SIT International Relations office can be more proactive in sharing information about exchange programs and overseas internships. The Faculty of Engineering and Science has its own International Affairs office, which is very active in regularly posting and announcing overseas opportunities. In comparison, SIT IR has been relatively quiet, and some students are not even aware that the office exists.
If workload or capacity is an issue, perhaps the university could consider hiring additional staff or involving student assistants to help with outreach and communication.",TRUE,Gemini API